INSERT INTO audit.organizacoes (id, nome, created_at)
VALUES (3, 'Ordem dos Protetores', CURRENT_TIMESTAMP)
ON CONFLICT (id) DO NOTHING;

INSERT INTO audit.usuarios(id, organizacao_id, nome, email, senha_hash, status, ultimo_login_em, created_at, updated_at)
VALUES (4, '3', 'Gertrulio GM', 'mestre@guilda.com', 'senha_super_segura', 'ATIVO', NULL, CURRENT_TIMESTAMP, CURRENT_TIMESTAMP)
ON CONFLICT (id) DO NOTHING;

INSERT INTO aventura.aventureiros (id, nome, classe, nivel, ativo, organizacao_id, usuario_id, data_criacao, data_atualizacao) VALUES
(1, 'Aragorn', 'GUERREIRO', 15, true, 1, 1, CURRENT_TIMESTAMP, CURRENT_TIMESTAMP),
(2, 'Gandalf', 'MAGO', 20, true, 2, 3, CURRENT_TIMESTAMP, CURRENT_TIMESTAMP),
(3, 'Legolas', 'ARQUEIRO', 18, true, 3, 2, CURRENT_TIMESTAMP, CURRENT_TIMESTAMP),
(4, 'Gimli', 'GUERREIRO', 17, true, 1, 4, CURRENT_TIMESTAMP, CURRENT_TIMESTAMP),
(5, 'Frodo Bolseiro', 'LADINO', 5, true, 2, 1, CURRENT_TIMESTAMP, CURRENT_TIMESTAMP),
(6, 'Lydia', 'GUERREIRO', 12, false, 3, 4, CURRENT_TIMESTAMP, CURRENT_TIMESTAMP),
(7, 'Elara', 'MAGO', 14, true, 1, 1, CURRENT_TIMESTAMP, CURRENT_TIMESTAMP),
(8, 'Kael', 'ARQUEIRO', 16, true, 2, 2, CURRENT_TIMESTAMP, CURRENT_TIMESTAMP),
(9, 'Brom', 'GUERREIRO', 19, true, 3, 3, CURRENT_TIMESTAMP, CURRENT_TIMESTAMP),
(10, 'Zoe', 'LADINO', 11, true, 1, 4, CURRENT_TIMESTAMP, CURRENT_TIMESTAMP),
(11, 'Roric', 'GUERREIRO', 8, true, 2, 1, CURRENT_TIMESTAMP, CURRENT_TIMESTAMP),
(12, 'Seraphina', 'MAGO', 22, true, 3, 2, CURRENT_TIMESTAMP, CURRENT_TIMESTAMP),
(13, 'Talon', 'ARQUEIRO', 13, false, 1, 3, CURRENT_TIMESTAMP, CURRENT_TIMESTAMP),
(14, 'Grizelda', 'GUERREIRO', 25, true, 2, 4, CURRENT_TIMESTAMP, CURRENT_TIMESTAMP),
(15, 'Finnian', 'LADINO', 9, true, 3, 1, CURRENT_TIMESTAMP, CURRENT_TIMESTAMP),
(16, 'Isolde', 'MAGO', 18, true, 1, 2, CURRENT_TIMESTAMP, CURRENT_TIMESTAMP),
(17, 'Darius', 'GUERREIRO', 21, true, 2, 3, CURRENT_TIMESTAMP, CURRENT_TIMESTAMP),
(18, 'Lyra', 'ARQUEIRO', 17, true, 3, 4, CURRENT_TIMESTAMP, CURRENT_TIMESTAMP),
(19, 'Silas', 'LADINO', 15, true, 1, 1, CURRENT_TIMESTAMP, CURRENT_TIMESTAMP),
(20, 'Astrid', 'GUERREIRO', 10, true, 2, 2, CURRENT_TIMESTAMP, CURRENT_TIMESTAMP),
(21, 'Borin', 'GUERREIRO', 30, true, 1, 1, CURRENT_TIMESTAMP, CURRENT_TIMESTAMP),
(22, 'Cedric', 'MAGO', 28, true, 2, 2, CURRENT_TIMESTAMP, CURRENT_TIMESTAMP),
(23, 'Diana', 'ARQUEIRO', 25, true, 3, 3, CURRENT_TIMESTAMP, CURRENT_TIMESTAMP),
(24, 'Eamon', 'LADINO', 22, true, 1, 4, CURRENT_TIMESTAMP, CURRENT_TIMESTAMP),
(25, 'Fiona', 'GUERREIRO', 35, true, 2, 1, CURRENT_TIMESTAMP, CURRENT_TIMESTAMP),
(26, 'Gareth', 'MAGO', 33, false, 3, 2, CURRENT_TIMESTAMP, CURRENT_TIMESTAMP),
(27, 'Helga', 'GUERREIRO', 29, true, 1, 3, CURRENT_TIMESTAMP, CURRENT_TIMESTAMP),
(28, 'Ivan', 'ARQUEIRO', 27, true, 2, 4, CURRENT_TIMESTAMP, CURRENT_TIMESTAMP),
(29, 'Jasmine', 'LADINO', 24, true, 3, 1, CURRENT_TIMESTAMP, CURRENT_TIMESTAMP),
(30, 'Kenji', 'GUERREIRO', 40, true, 1, 2, CURRENT_TIMESTAMP, CURRENT_TIMESTAMP),
(31, 'Leona', 'MAGO', 38, true, 2, 3, CURRENT_TIMESTAMP, CURRENT_TIMESTAMP),
(32, 'Marcus', 'ARQUEIRO', 36, true, 3, 4, CURRENT_TIMESTAMP, CURRENT_TIMESTAMP),
(33, 'Nadia', 'LADINO', 34, true, 1, 1, CURRENT_TIMESTAMP, CURRENT_TIMESTAMP),
(34, 'Orion', 'GUERREIRO', 45, true, 2, 2, CURRENT_TIMESTAMP, CURRENT_TIMESTAMP),
(35, 'Penelope', 'MAGO', 42, true, 3, 3, CURRENT_TIMESTAMP, CURRENT_TIMESTAMP),
(36, 'Quinn', 'ARQUEIRO', 41, false, 1, 4, CURRENT_TIMESTAMP, CURRENT_TIMESTAMP),
(37, 'Ragnar', 'GUERREIRO', 50, true, 2, 1, CURRENT_TIMESTAMP, CURRENT_TIMESTAMP),
(38, 'Sasha', 'LADINO', 48, true, 3, 2, CURRENT_TIMESTAMP, CURRENT_TIMESTAMP),
(39, 'Titus', 'GUERREIRO', 46, true, 1, 3, CURRENT_TIMESTAMP, CURRENT_TIMESTAMP),
(40, 'Uma', 'MAGO', 44, true, 2, 4, CURRENT_TIMESTAMP, CURRENT_TIMESTAMP),
(41, 'Victor', 'ARQUEIRO', 52, true, 3, 1, CURRENT_TIMESTAMP, CURRENT_TIMESTAMP),
(42, 'Willa', 'LADINO', 49, true, 1, 2, CURRENT_TIMESTAMP, CURRENT_TIMESTAMP),
(43, 'Xander', 'GUERREIRO', 55, true, 2, 3, CURRENT_TIMESTAMP, CURRENT_TIMESTAMP),
(44, 'Yara', 'MAGO', 53, true, 3, 4, CURRENT_TIMESTAMP, CURRENT_TIMESTAMP),
(45, 'Zane', 'ARQUEIRO', 51, true, 1, 1, CURRENT_TIMESTAMP, CURRENT_TIMESTAMP),
(46, 'Alina', 'LADINO', 58, true, 2, 2, CURRENT_TIMESTAMP, CURRENT_TIMESTAMP),
(47, 'Brutus', 'GUERREIRO', 60, true, 3, 3, CURRENT_TIMESTAMP, CURRENT_TIMESTAMP),
(48, 'Clara', 'MAGO', 57, false, 1, 4, CURRENT_TIMESTAMP, CURRENT_TIMESTAMP),
(49, 'Dexter', 'ARQUEIRO', 56, true, 2, 1, CURRENT_TIMESTAMP, CURRENT_TIMESTAMP),
(50, 'Eva', 'LADINO', 54, true, 3, 2, CURRENT_TIMESTAMP, CURRENT_TIMESTAMP),
(51, 'Felix', 'GUERREIRO', 65, true, 1, 3, CURRENT_TIMESTAMP, CURRENT_TIMESTAMP),
(52, 'Gia', 'MAGO', 62, true, 2, 4, CURRENT_TIMESTAMP, CURRENT_TIMESTAMP),
(53, 'Hugo', 'ARQUEIRO', 61, true, 3, 1, CURRENT_TIMESTAMP, CURRENT_TIMESTAMP),
(54, 'Iris', 'LADINO', 59, true, 1, 2, CURRENT_TIMESTAMP, CURRENT_TIMESTAMP),
(55, 'Jasper', 'GUERREIRO', 70, true, 2, 3, CURRENT_TIMESTAMP, CURRENT_TIMESTAMP),
(56, 'Kara', 'MAGO', 68, true, 3, 4, CURRENT_TIMESTAMP, CURRENT_TIMESTAMP),
(57, 'Leo', 'ARQUEIRO', 66, true, 1, 1, CURRENT_TIMESTAMP, CURRENT_TIMESTAMP),
(58, 'Mila', 'LADINO', 64, true, 2, 2, CURRENT_TIMESTAMP, CURRENT_TIMESTAMP),
(59, 'Nico', 'GUERREIRO', 75, false, 3, 3, CURRENT_TIMESTAMP, CURRENT_TIMESTAMP),
(60, 'Olga', 'MAGO', 72, true, 1, 4, CURRENT_TIMESTAMP, CURRENT_TIMESTAMP),
(61, 'Pike', 'ARQUEIRO', 71, true, 2, 1, CURRENT_TIMESTAMP, CURRENT_TIMESTAMP),
(62, 'Ruby', 'LADINO', 69, true, 3, 2, CURRENT_TIMESTAMP, CURRENT_TIMESTAMP),
(63, 'Seth', 'GUERREIRO', 80, true, 1, 3, CURRENT_TIMESTAMP, CURRENT_TIMESTAMP),
(64, 'Tara', 'MAGO', 78, true, 2, 4, CURRENT_TIMESTAMP, CURRENT_TIMESTAMP),
(65, 'Uriel', 'ARQUEIRO', 76, true, 3, 1, CURRENT_TIMESTAMP, CURRENT_TIMESTAMP),
(66, 'Vera', 'LADINO', 74, true, 1, 2, CURRENT_TIMESTAMP, CURRENT_TIMESTAMP),
(67, 'Wyatt', 'GUERREIRO', 85, true, 2, 3, CURRENT_TIMESTAMP, CURRENT_TIMESTAMP),
(68, 'Xena', 'GUERREIRO', 82, true, 3, 4, CURRENT_TIMESTAMP, CURRENT_TIMESTAMP),
(69, 'Yuri', 'MAGO', 81, true, 1, 1, CURRENT_TIMESTAMP, CURRENT_TIMESTAMP),
(70, 'Zelda', 'ARQUEIRO', 79, true, 2, 2, CURRENT_TIMESTAMP, CURRENT_TIMESTAMP),
(71, 'Arthur', 'GUERREIRO', 90, true, 3, 3, CURRENT_TIMESTAMP, CURRENT_TIMESTAMP),
(72, 'Bella', 'LADINO', 88, true, 1, 4, CURRENT_TIMESTAMP, CURRENT_TIMESTAMP),
(73, 'Cain', 'GUERREIRO', 86, true, 2, 1, CURRENT_TIMESTAMP, CURRENT_TIMESTAMP),
(74, 'Dora', 'MAGO', 84, false, 3, 2, CURRENT_TIMESTAMP, CURRENT_TIMESTAMP),
(75, 'Ezra', 'ARQUEIRO', 92, true, 1, 3, CURRENT_TIMESTAMP, CURRENT_TIMESTAMP),
(76, 'Freya', 'GUERREIRO', 89, true, 2, 4, CURRENT_TIMESTAMP, CURRENT_TIMESTAMP),
(77, 'Gideon', 'LADINO', 87, true, 3, 1, CURRENT_TIMESTAMP, CURRENT_TIMESTAMP),
(78, 'Hazel', 'MAGO', 95, true, 1, 2, CURRENT_TIMESTAMP, CURRENT_TIMESTAMP),
(79, 'Igor', 'GUERREIRO', 93, true, 2, 3, CURRENT_TIMESTAMP, CURRENT_TIMESTAMP),
(80, 'Jade', 'ARQUEIRO', 91, true, 3, 4, CURRENT_TIMESTAMP, CURRENT_TIMESTAMP),
(81, 'Kian', 'LADINO', 98, true, 1, 1, CURRENT_TIMESTAMP, CURRENT_TIMESTAMP),
(82, 'Lana', 'GUERREIRO', 96, true, 2, 2, CURRENT_TIMESTAMP, CURRENT_TIMESTAMP),
(83, 'Milo', 'MAGO', 94, true, 3, 3, CURRENT_TIMESTAMP, CURRENT_TIMESTAMP),
(84, 'Nora', 'ARQUEIRO', 99, true, 1, 4, CURRENT_TIMESTAMP, CURRENT_TIMESTAMP),
(85, 'Owen', 'GUERREIRO', 97, true, 2, 1, CURRENT_TIMESTAMP, CURRENT_TIMESTAMP),
(86, 'Paige', 'LADINO', 100, true, 3, 2, CURRENT_TIMESTAMP, CURRENT_TIMESTAMP),
(87, 'Rex', 'GUERREIRO', 40, true, 1, 3, CURRENT_TIMESTAMP, CURRENT_TIMESTAMP),
(88, 'Skye', 'ARQUEIRO', 30, true, 2, 4, CURRENT_TIMESTAMP, CURRENT_TIMESTAMP),
(89, 'Tate', 'LADINO', 20, true, 3, 1, CURRENT_TIMESTAMP, CURRENT_TIMESTAMP),
(90, 'Vance', 'GUERREIRO', 50, true, 1, 2, CURRENT_TIMESTAMP, CURRENT_TIMESTAMP),
(91, 'Wren', 'MAGO', 60, true, 2, 3, CURRENT_TIMESTAMP, CURRENT_TIMESTAMP),
(92, 'Zia', 'ARQUEIRO', 70, true, 3, 4, CURRENT_TIMESTAMP, CURRENT_TIMESTAMP),
(93, 'Axel', 'GUERREIRO', 80, true, 1, 1, CURRENT_TIMESTAMP, CURRENT_TIMESTAMP),
(94, 'Cora', 'LADINO', 90, false, 2, 2, CURRENT_TIMESTAMP, CURRENT_TIMESTAMP),
(95, 'Dane', 'GUERREIRO', 100, true, 3, 3, CURRENT_TIMESTAMP, CURRENT_TIMESTAMP),
(96, 'Esme', 'MAGO', 1, true, 1, 4, CURRENT_TIMESTAMP, CURRENT_TIMESTAMP),
(97, 'Ford', 'ARQUEIRO', 5, true, 2, 1, CURRENT_TIMESTAMP, CURRENT_TIMESTAMP),
(98, 'Gwen', 'LADINO', 10, true, 3, 2, CURRENT_TIMESTAMP, CURRENT_TIMESTAMP),
(99, 'Heath', 'GUERREIRO', 15, true, 1, 3, CURRENT_TIMESTAMP, CURRENT_TIMESTAMP),
(100, 'Ivy', 'MAGO', 20, true, 2, 4, CURRENT_TIMESTAMP, CURRENT_TIMESTAMP);


INSERT INTO aventura.companheiros (aventureiro_id, nome, especie, lealdade) VALUES
(1, 'Brego', 'LOBO', 95),
(2, 'Fenrir', 'LOBO', 90),
(3, 'Elen', 'CORUJA', 85),
(4, 'Gimli Jr.', 'DRAGAO_MINIATURA', 80),
(5, 'Samwise Gamgee', 'GOLEM', 100),
(6, 'Shadowfax', 'DRAGAO_MINIATURA', 98),
(7, 'Ignis', 'DRAGAO_MINIATURA', 88),
(8, 'Sylph', 'CORUJA', 92),
(9, 'Goliath', 'GOLEM', 99),
(10, 'Nyx', 'LOBO', 85),
(12, 'Merlin', 'CORUJA', 95),
(21, 'Rubble', 'GOLEM', 100),
(23, 'Draco', 'DRAGAO_MINIATURA', 95),
(24, 'Bandit', 'LOBO', 92),
(39, 'Igneel', 'DRAGAO_MINIATURA', 97),
(41, 'Bolt', 'LOBO', 98),
(47, 'Viserion', 'DRAGAO_MINIATURA', 94),
(48, 'Owly', 'CORUJA', 88),
(50, 'Groot', 'GOLEM', 100),
(51, 'Rhaegal', 'DRAGAO_MINIATURA', 94),
(55, 'Drogon', 'DRAGAO_MINIATURA', 100),
(56, 'Ollie', 'CORUJA', 92),
(63, 'Mushu', 'DRAGAO_MINIATURA', 91),
(69, 'Kiba', 'LOBO', 98),
(71, 'Saphira', 'DRAGAO_MINIATURA', 99),
(72, 'Orion', 'CORUJA', 96),
(73, 'Balto', 'LOBO', 97),
(76, 'Strix', 'CORUJA', 98),
(77, 'Direwolf', 'LOBO', 99),
(83, 'Alduin', 'DRAGAO_MINIATURA', 100),
(85, 'Nymeria', 'LOBO', 99),
(88, 'Tyto', 'CORUJA', 95),
(92, 'Aegolius', 'CORUJA', 98),
(94, 'Dolomite', 'GOLEM', 97),
(95, 'Midir', 'DRAGAO_MINIATURA', 100),
(99, 'Seath', 'DRAGAO_MINIATURA', 100);

INSERT INTO aventura.missoes (id, organizacao_id, titulo, nivel_perigo, status, data_criacao) VALUES
(1, 1, 'Resgatar o Amuleto de Yendor', 'ALTO', 'PLANEJADA', CURRENT_TIMESTAMP),
(2, 1, 'Limpar o Covil dos Goblins', 'BAIXO', 'EM_ANDAMENTO', CURRENT_TIMESTAMP),
(3, 1, 'Escolta do Comerciante de Especiarias', 'MEDIO', 'CONCLUIDA', CURRENT_TIMESTAMP),
(4, 2, 'Investigar a Torre do Mago Louco', 'ALTO', 'PLANEJADA', CURRENT_TIMESTAMP),
(5, 3, 'Proteger a Vila de Northshire', 'MEDIO', 'EM_ANDAMENTO', CURRENT_TIMESTAMP),
(6, 1, 'Caçar o Grifo das Montanhas Sombrias', 'ALTO', 'CANCELADA', CURRENT_TIMESTAMP),
(7, 2, 'Coletar Ervas Raras na Floresta Sussurrante', 'BAIXO', 'CONCLUIDA', CURRENT_TIMESTAMP),
(8, 3, 'Negociar a Paz com os Centauros', 'MEDIO', 'PLANEJADA', CURRENT_TIMESTAMP),
(9, 1, 'Recuperar a Espada Perdida de Elendil', 'ALTO', 'EM_ANDAMENTO', CURRENT_TIMESTAMP),
(10, 2, 'Destruir o Altar Necromântico', 'ALTO', 'CONCLUIDA', CURRENT_TIMESTAMP),
(11, 3, 'Mapear as Ruínas de Osgiliath', 'MEDIO', 'PLANEJADA', CURRENT_TIMESTAMP),
(12, 1, 'Encontrar a Fonte da Juventude', 'CRITICO', 'PLANEJADA', CURRENT_TIMESTAMP),
(13, 2, 'Derrotar o Dragão de Fogo da Montanha da Perdição', 'CRITICO', 'EM_ANDAMENTO', CURRENT_TIMESTAMP),
(14, 3, 'Forjar uma Aliança com os Anões de Erebor', 'MEDIO', 'CONCLUIDA', CURRENT_TIMESTAMP),
(15, 1, 'Resgatar o Príncipe do Reino Distante', 'ALTO', 'CANCELADA', CURRENT_TIMESTAMP),
(16, 2, 'Proteger o Artefato Mágico', 'ALTO', 'PLANEJADA', CURRENT_TIMESTAMP),
(17, 3, 'Conquistar a Fortaleza Inimiga', 'ALTO', 'EM_ANDAMENTO', CURRENT_TIMESTAMP),
(18, 1, 'Descobrir o Segredo da Ilha Flutuante', 'MEDIO', 'CONCLUIDA', CURRENT_TIMESTAMP),
(19, 2, 'Salvar a Princesa do Castelo Assombrado', 'MEDIO', 'PLANEJADA', CURRENT_TIMESTAMP),
(20, 3, 'Treinar os Novos Recrutas da Guilda', 'BAIXO', 'EM_ANDAMENTO', CURRENT_TIMESTAMP),
(21, 1, 'Patrulhar a Fronteira do Reino', 'BAIXO', 'CONCLUIDA', CURRENT_TIMESTAMP),
(22, 2, 'Eliminar a Praga de Mortos-Vivos', 'ALTO', 'PLANEJADA', CURRENT_TIMESTAMP),
(23, 3, 'Acompanhar o Embaixador a Terras Estrangeiras', 'BAIXO', 'EM_ANDAMENTO', CURRENT_TIMESTAMP),
(24, 1, 'Construir uma Nova Fortaleza', 'MEDIO', 'CONCLUIDA', CURRENT_TIMESTAMP),
(25, 2, 'Libertar os Prisioneiros de Guerra', 'MEDIO', 'CANCELADA', CURRENT_TIMESTAMP),
(26, 3, 'Organizar o Festival Anual da Colheita', 'BAIXO', 'PLANEJADA', CURRENT_TIMESTAMP),
(27, 1, 'Caçar o Kraken no Mar Proibido', 'CRITICO', 'EM_ANDAMENTO', CURRENT_TIMESTAMP),
(28, 2, 'Estudar a Fauna e Flora do Pântano Desolado', 'BAIXO', 'CONCLUIDA', CURRENT_TIMESTAMP),
(29, 3, 'Recuperar o Livro dos Segredos Antigos', 'ALTO', 'PLANEJADA', CURRENT_TIMESTAMP),
(30, 1, 'Defender a Cidade do Cerco dos Orcs', 'ALTO', 'EM_ANDAMENTO', CURRENT_TIMESTAMP),
(31, 2, 'Encontrar o Oásis Perdido no Deserto de Areia', 'MEDIO', 'CONCLUIDA', CURRENT_TIMESTAMP),
(32, 3, 'Resolver o Enigma da Esfinge', 'MEDIO', 'PLANEJADA', CURRENT_TIMESTAMP),
(33, 1, 'Participar do Torneio de Campeões', 'BAIXO', 'EM_ANDAMENTO', CURRENT_TIMESTAMP),
(34, 2, 'Curar a Árvore da Vida', 'ALTO', 'CONCLUIDA', CURRENT_TIMESTAMP),
(35, 3, 'Explorar as Minas de Moria', 'ALTO', 'CANCELADA', CURRENT_TIMESTAMP),
(36, 1, 'Ajudar os Elfos a Defender seu Lar', 'MEDIO', 'PLANEJADA', CURRENT_TIMESTAMP),
(37, 2, 'Capturar o Ladrão de Joias Real', 'BAIXO', 'EM_ANDAMENTO', CURRENT_TIMESTAMP),
(38, 3, 'Traduzir as Antigas Runas', 'BAIXO', 'CONCLUIDA', CURRENT_TIMESTAMP),
(39, 1, 'Forjar a Lâmina do Infinito', 'CRITICO', 'PLANEJADA', CURRENT_TIMESTAMP),
(40, 2, 'Navegar pelos Mares Tempestuosos', 'MEDIO', 'EM_ANDAMENTO', CURRENT_TIMESTAMP),
(41, 3, 'Apaziguar o Espírito da Montanha', 'MEDIO', 'CONCLUIDA', CURRENT_TIMESTAMP),
(42, 1, 'Desvendar a Conspiração na Corte Real', 'MEDIO', 'PLANEJADA', CURRENT_TIMESTAMP),
(43, 2, 'Sobreviver à Noite na Floresta Assombrada', 'MEDIO', 'EM_ANDAMENTO', CURRENT_TIMESTAMP),
(44, 3, 'Coletar Impostos para o Rei', 'BAIXO', 'CONCLUIDA', CURRENT_TIMESTAMP),
(45, 1, 'Lutar na Arena contra o Minotauro', 'ALTO', 'CANCELADA', CURRENT_TIMESTAMP),
(46, 2, 'Plantar a Semente da Árvore Dourada', 'BAIXO', 'PLANEJADA', CURRENT_TIMESTAMP),
(47, 3, 'Resgatar os Animais da Floresta em Chamas', 'MEDIO', 'EM_ANDAMENTO', CURRENT_TIMESTAMP),
(48, 1, 'Decifrar o Mapa do Tesouro Pirata', 'BAIXO', 'CONCLUIDA', CURRENT_TIMESTAMP),
(49, 2, 'Infiltrar-se no Acampamento Inimigo', 'MEDIO', 'PLANEJADA', CURRENT_TIMESTAMP),
(50, 3, 'Proteger a Caravana de Refugiados', 'MEDIO', 'EM_ANDAMENTO', CURRENT_TIMESTAMP),
(51, 1, 'Ensinar esgrima para jovens', 'BAIXO', 'CONCLUIDA', CURRENT_TIMESTAMP),
(52, 2, 'Caçar um basilisco', 'ALTO', 'PLANEJADA', CURRENT_TIMESTAMP),
(53, 3, 'Roubar a coroa do Rei Lich', 'CRITICO', 'EM_ANDAMENTO', CURRENT_TIMESTAMP),
(54, 1, 'Limpar o porão da taverna', 'BAIXO', 'CONCLUIDA', CURRENT_TIMESTAMP),
(55, 2, 'Escolta VIP para o casamento real', 'MEDIO', 'CANCELADA', CURRENT_TIMESTAMP),
(56, 3, 'Investigar desaparecimentos na doca', 'MEDIO', 'PLANEJADA', CURRENT_TIMESTAMP),
(57, 1, 'Recuperar o Olho do Ciclope', 'ALTO', 'EM_ANDAMENTO', CURRENT_TIMESTAMP),
(58, 2, 'Entregar uma carta de amor secreta', 'BAIXO', 'CONCLUIDA', CURRENT_TIMESTAMP),
(59, 3, 'Destruir o exército de golens', 'ALTO', 'PLANEJADA', CURRENT_TIMESTAMP),
(60, 1, 'Proteger o bardo durante seu show', 'BAIXO', 'EM_ANDAMENTO', CURRENT_TIMESTAMP),
(61, 2, 'Encontrar a cidade perdida de Atlantis', 'CRITICO', 'CONCLUIDA', CURRENT_TIMESTAMP),
(62, 3, 'Negociar com um dragão ganancioso', 'ALTO', 'PLANEJADA', CURRENT_TIMESTAMP),
(63, 1, 'Participar de uma corrida de bigas', 'BAIXO', 'EM_ANDAMENTO', CURRENT_TIMESTAMP),
(64, 2, 'Exorcizar o fantasma do castelo', 'MEDIO', 'CONCLUIDA', CURRENT_TIMESTAMP),
(65, 3, 'Sobreviver a um apocalipse zumbi', 'CRITICO', 'CANCELADA', CURRENT_TIMESTAMP),
(66, 1, 'Acalmar uma mandrágora gritando', 'BAIXO', 'PLANEJADA', CURRENT_TIMESTAMP),
(67, 2, 'Navegar pelo Rio Estige', 'ALTO', 'EM_ANDAMENTO', CURRENT_TIMESTAMP),
(68, 3, 'Coletar lágrimas de fênix', 'ALTO', 'CONCLUIDA', CURRENT_TIMESTAMP),
(69, 1, 'Vencer um concurso de beber com anões', 'BAIXO', 'PLANEJADA', CURRENT_TIMESTAMP),
(70, 2, 'Escalar a Torre de Babel', 'CRITICO', 'EM_ANDAMENTO', CURRENT_TIMESTAMP),
(71, 3, 'Alimentar o cão de três cabeças', 'MEDIO', 'CONCLUIDA', CURRENT_TIMESTAMP),
(72, 1, 'Resolver o mistério do trem fantasma', 'MEDIO', 'PLANEJADA', CURRENT_TIMESTAMP),
(73, 2, 'Pintar um retrato do rei', 'BAIXO', 'EM_ANDAMENTO', CURRENT_TIMESTAMP),
(74, 3, 'Derrotar o Tarrasque', 'CRITICO', 'CONCLUIDA', CURRENT_TIMESTAMP),
(75, 1, 'Ajudar um fantasma a encontrar a paz', 'BAIXO', 'CANCELADA', CURRENT_TIMESTAMP),
(76, 2, 'Roubar o tesouro do grifo', 'ALTO', 'PLANEJADA', CURRENT_TIMESTAMP),
(77, 3, 'Construir uma ponte sobre o abismo', 'MEDIO', 'EM_ANDAMENTO', CURRENT_TIMESTAMP),
(78, 1, 'Encontrar o unicórnio dourado', 'ALTO', 'CONCLUIDA', CURRENT_TIMESTAMP),
(79, 2, 'Organizar a biblioteca do mago', 'BAIXO', 'PLANEJADA', CURRENT_TIMESTAMP),
(80, 3, 'Lutar contra sua própria sombra', 'MEDIO', 'EM_ANDAMENTO', CURRENT_TIMESTAMP),
(81, 1, 'Fazer um piquenique no campo dos Elísios', 'BAIXO', 'CONCLUIDA', CURRENT_TIMESTAMP),
(82, 2, 'Capturar um raio em uma garrafa', 'MEDIO', 'PLANEJADA', CURRENT_TIMESTAMP),
(83, 3, 'Viajar no tempo para corrigir um erro', 'CRITICO', 'EM_ANDAMENTO', CURRENT_TIMESTAMP),
(84, 1, 'Adivinhar o nome do Rumpelstiltskin', 'BAIXO', 'CONCLUIDA', CURRENT_TIMESTAMP),
(85, 2, 'Derrotar a hidra de Lerna', 'ALTO', 'CANCELADA', CURRENT_TIMESTAMP),
(86, 3, 'Plantar uma floresta mágica', 'MEDIO', 'PLANEJADA', CURRENT_TIMESTAMP),
(87, 1, 'Conduzir as almas para o além', 'MEDIO', 'EM_ANDAMENTO', CURRENT_TIMESTAMP),
(88, 2, 'Encontrar a agulha no palheiro cósmico', 'BAIXO', 'CONCLUIDA', CURRENT_TIMESTAMP),
(89, 3, 'Lutar contra os deuses antigos', 'CRITICO', 'PLANEJADA', CURRENT_TIMESTAMP),
(90, 1, 'Fazer o café da manhã para um gigante', 'BAIXO', 'EM_ANDAMENTO', CURRENT_TIMESTAMP),
(91, 2, 'Nadar com sereias', 'MEDIO', 'CONCLUIDA', CURRENT_TIMESTAMP),
(92, 3, 'Resolver o paradoxo do avô', 'CRITICO', 'PLANEJADA', CURRENT_TIMESTAMP),
(93, 1, 'Contar todas as estrelas do céu', 'BAIXO', 'EM_ANDAMENTO', CURRENT_TIMESTAMP),
(94, 2, 'Derrotar o exército de um homem só', 'ALTO', 'CONCLUIDA', CURRENT_TIMESTAMP),
(95, 3, 'Encontrar o sentido da vida', 'CRITICO', 'CANCELADA', CURRENT_TIMESTAMP),
(96, 1, 'Aprender a voar', 'MEDIO', 'PLANEJADA', CURRENT_TIMESTAMP),
(97, 2, 'Falar com os animais', 'BAIXO', 'EM_ANDAMENTO', CURRENT_TIMESTAMP),
(98, 3, 'Tornar-se imortal', 'CRITICO', 'CONCLUIDA', CURRENT_TIMESTAMP),
(99, 1, 'Consertar uma chaleira quebrada', 'BAIXO', 'PLANEJADA', CURRENT_TIMESTAMP),
(100, 2, 'Salvar o mundo', 'CRITICO', 'EM_ANDAMENTO', CURRENT_TIMESTAMP);


INSERT INTO aventura.participacoes_missoes (missao_id, aventureiro_id, papel_missao, recompensa_ouro, destaque, data_registro) VALUES
(1, 1, 'COMBATENTE', 2500.00, false, CURRENT_TIMESTAMP),
(2, 4, 'COMBATENTE', 300.00, false, CURRENT_TIMESTAMP),
(3, 1, 'ESPECIALISTA', 1000.00, false, CURRENT_TIMESTAMP),
(4, 2, 'LIDER', 10000.00, true, CURRENT_TIMESTAMP),
(4, 5, 'BATEDOR', 4500.00, false, CURRENT_TIMESTAMP),
(5, 3, 'LIDER', 3000.00, true, CURRENT_TIMESTAMP),
(5, 6, 'COMBATENTE', 1200.00, false, CURRENT_TIMESTAMP),
(7, 8, 'ESPECIALISTA', 500.00, true, CURRENT_TIMESTAMP),
(8, 9, 'DIPLOMATA', 2000.00, true, CURRENT_TIMESTAMP),
(9, 7, 'BATEDOR', 5000.00, false, CURRENT_TIMESTAMP),
(9, 10, 'ESPECIALISTA', 5500.00, true, CURRENT_TIMESTAMP),
(10, 11, 'COMBATENTE', 6000.00, false, CURRENT_TIMESTAMP),
(10, 14, 'LIDER', 12000.00, true, CURRENT_TIMESTAMP),
(11, 12, 'BATEDOR', 3500.00, false, CURRENT_TIMESTAMP),
(11, 15, 'ESPECIALISTA', 4000.00, true, CURRENT_TIMESTAMP),
(12, 16, 'LIDER', 25000.00, true, CURRENT_TIMESTAMP),
(13, 17, 'LIDER', 30000.00, true, CURRENT_TIMESTAMP),
(14, 18, 'DIPLOMATA', 5000.00, true, CURRENT_TIMESTAMP),
(16, 19, 'PROTETOR', 8000.00, false, CURRENT_TIMESTAMP),
(17, 20, 'COMBATENTE', 7500.00, true, CURRENT_TIMESTAMP),
(18, 21, 'BATEDOR', 4000.00, false, CURRENT_TIMESTAMP),
(19, 22, 'PROTETOR', 6000.00, true, CURRENT_TIMESTAMP),
(20, 23, 'ESPECIALISTA', 1000.00, false, CURRENT_TIMESTAMP),
(21, 24, 'COMBATENTE', 800.00, true, CURRENT_TIMESTAMP),
(22, 25, 'LIDER', 15000.00, true, CURRENT_TIMESTAMP),
(23, 26, 'DIPLOMATA', 1200.00, false, CURRENT_TIMESTAMP),
(24, 27, 'ESPECIALISTA', 5000.00, true, CURRENT_TIMESTAMP),
(27, 28, 'BATEDOR', 20000.00, true, CURRENT_TIMESTAMP),
(28, 29, 'ESPECIALISTA', 1500.00, false, CURRENT_TIMESTAMP),
(29, 30, 'LIDER', 18000.00, true, CURRENT_TIMESTAMP),
(30, 31, 'COMBATENTE', 9000.00, false, CURRENT_TIMESTAMP),
(31, 32, 'BATEDOR', 4500.00, true, CURRENT_TIMESTAMP),
(32, 33, 'ESPECIALISTA', 4000.00, false, CURRENT_TIMESTAMP),
(33, 34, 'COMBATENTE', 1000.00, true, CURRENT_TIMESTAMP),
(34, 35, 'LIDER', 20000.00, true, CURRENT_TIMESTAMP),
(36, 36, 'DIPLOMATA', 7000.00, false, CURRENT_TIMESTAMP),
(37, 37, 'BATEDOR', 1500.00, true, CURRENT_TIMESTAMP),
(38, 38, 'ESPECIALISTA', 1000.00, false, CURRENT_TIMESTAMP),
(39, 39, 'LIDER', 50000.00, true, CURRENT_TIMESTAMP),
(40, 40, 'BATEDOR', 6000.00, false, CURRENT_TIMESTAMP),
(41, 41, 'DIPLOMATA', 6500.00, true, CURRENT_TIMESTAMP),
(42, 42, 'ESPECIALISTA', 7000.00, false, CURRENT_TIMESTAMP),
(43, 43, 'COMBATENTE', 5500.00, true, CURRENT_TIMESTAMP),
(44, 44, 'ESPECIALISTA', 800.00, false, CURRENT_TIMESTAMP),
(46, 45, 'PROTETOR', 1200.00, true, CURRENT_TIMESTAMP),
(47, 46, 'PROTETOR', 5000.00, false, CURRENT_TIMESTAMP),
(48, 47, 'BATEDOR', 1000.00, true, CURRENT_TIMESTAMP),
(49, 48, 'ESPECIALISTA', 6000.00, false, CURRENT_TIMESTAMP),
(50, 49, 'PROTETOR', 6500.00, true, CURRENT_TIMESTAMP),
(51, 50, 'ESPECIALISTA', 500.00, false, CURRENT_TIMESTAMP),
(52, 51, 'LIDER', 18000.00, true, CURRENT_TIMESTAMP),
(53, 52, 'LIDER', 40000.00, true, CURRENT_TIMESTAMP),
(54, 53, 'COMBATENTE', 100.00, false, CURRENT_TIMESTAMP),
(56, 54, 'BATEDOR', 4000.00, true, CURRENT_TIMESTAMP),
(57, 55, 'LIDER', 16000.00, true, CURRENT_TIMESTAMP),
(58, 56, 'ESPECIALISTA', 200.00, false, CURRENT_TIMESTAMP),
(59, 57, 'LIDER', 22000.00, true, CURRENT_TIMESTAMP),
(60, 58, 'PROTETOR', 500.00, false, CURRENT_TIMESTAMP),
(61, 59, 'BATEDOR', 25000.00, true, CURRENT_TIMESTAMP),
(62, 60, 'DIPLOMATA', 17000.00, false, CURRENT_TIMESTAMP),
(63, 61, 'COMBATENTE', 800.00, true, CURRENT_TIMESTAMP),
(64, 62, 'ESPECIALISTA', 5500.00, false, CURRENT_TIMESTAMP),
(66, 63, 'ESPECIALISTA', 600.00, true, CURRENT_TIMESTAMP),
(67, 64, 'BATEDOR', 14000.00, false, CURRENT_TIMESTAMP),
(68, 65, 'LIDER', 19000.00, true, CURRENT_TIMESTAMP),
(69, 66, 'COMBATENTE', 300.00, false, CURRENT_TIMESTAMP),
(70, 67, 'LIDER', 45000.00, true, CURRENT_TIMESTAMP),
(71, 68, 'PROTETOR', 4000.00, false, CURRENT_TIMESTAMP),
(72, 69, 'BATEDOR', 3500.00, true, CURRENT_TIMESTAMP),
(73, 70, 'ESPECIALISTA', 700.00, false, CURRENT_TIMESTAMP),
(74, 71, 'LIDER', 100000.00, true, CURRENT_TIMESTAMP),
(76, 72, 'LIDER', 17000.00, true, CURRENT_TIMESTAMP),
(77, 73, 'ESPECIALISTA', 8000.00, false, CURRENT_TIMESTAMP),
(78, 74, 'BATEDOR', 16000.00, true, CURRENT_TIMESTAMP),
(79, 75, 'ESPECIALISTA', 900.00, false, CURRENT_TIMESTAMP),
(80, 76, 'COMBATENTE', 6000.00, true, CURRENT_TIMESTAMP),
(81, 77, 'PROTETOR', 400.00, false, CURRENT_TIMESTAMP),
(82, 78, 'ESPECIALISTA', 8000.00, true, CURRENT_TIMESTAMP),
(83, 79, 'LIDER', 80000.00, true, CURRENT_TIMESTAMP),
(84, 80, 'ESPECIALISTA', 300.00, false, CURRENT_TIMESTAMP),
(86, 81, 'PROTETOR', 9000.00, true, CURRENT_TIMESTAMP),
(87, 82, 'ESPECIALISTA', 8500.00, false, CURRENT_TIMESTAMP),
(88, 83, 'BATEDOR', 1000.00, true, CURRENT_TIMESTAMP),
(89, 84, 'LIDER', 95000.00, true, CURRENT_TIMESTAMP),
(90, 85, 'COMBATENTE', 1200.00, false, CURRENT_TIMESTAMP),
(91, 86, 'BATEDOR', 7500.00, true, CURRENT_TIMESTAMP),
(92, 87, 'LIDER', 60000.00, true, CURRENT_TIMESTAMP),
(93, 88, 'ESPECIALISTA', 400.00, false, CURRENT_TIMESTAMP),
(94, 89, 'LIDER', 25000.00, true, CURRENT_TIMESTAMP),
(96, 90, 'PROTETOR', 8000.00, false, CURRENT_TIMESTAMP),
(97, 91, 'ESPECIALISTA', 1500.00, true, CURRENT_TIMESTAMP),
(98, 92, 'LIDER', 70000.00, true, CURRENT_TIMESTAMP),
(99, 93, 'COMBATENTE', 500.00, false, CURRENT_TIMESTAMP),
(100, 94, 'LIDER', 100000.00, true, CURRENT_TIMESTAMP),
(100, 95, 'COMBATENTE', 50000.00, false, CURRENT_TIMESTAMP);