INSERT INTO audit.organizacoes (id, nome, created_at)
VALUES (3, 'Ordem dos COMBATENTEes', CURRENT_TIMESTAMP)
ON CONFLICT (id) DO NOTHING;

INSERT INTO audit.usuarios(id, organizacao_id, nome, email, senha_hash, status, ultimo_login_em, created_at, updated_at)
VALUES (4, '3', 'Gertrulio GM', 'mestre@guilda.com', 'senha_super_segura', 'ATIVO', NULL, CURRENT_TIMESTAMP, CURRENT_TIMESTAMP)
ON CONFLICT (id) DO NOTHING;

INSERT INTO aventura.aventureiros (id, nome, classe, nivel, ativo, organizacao_id, usuario_id, data_criacao, data_atualizacao) VALUES
(1, 'Aragorn', 'GUERREIRO', 15, true, 1, 1, CURRENT_TIMESTAMP, CURRENT_TIMESTAMP),
(2, 'Gandalf', 'MAGO', 20, true, 2, 3, CURRENT_TIMESTAMP, CURRENT_TIMESTAMP),
(3, 'Legolas', 'ARQUEIRO', 18, true, 3, 2, CURRENT_TIMESTAMP, CURRENT_TIMESTAMP),
(4, 'Gimli', 'GUERREIRO', 17, true, 1, 4, CURRENT_TIMESTAMP, CURRENT_TIMESTAMP),
(5, 'Frodo Bolseiro', 'LADINO', 5, true, 2, 1, CURRENT_TIMESTAMP, CURRENT_TIMESTAMP),
(6, 'Lydia', 'GUERREIRO', 12, false, 3, 4, CURRENT_TIMESTAMP, CURRENT_TIMESTAMP),
(7, 'Elara', 'MAGO', 14, true, 1, 1, CURRENT_TIMESTAMP, CURRENT_TIMESTAMP),
(8, 'Kael', 'ARQUEIRO', 16, true, 2, 2, CURRENT_TIMESTAMP, CURRENT_TIMESTAMP),
(9, 'Brom', 'GUERREIRO', 19, true, 3, 3, CURRENT_TIMESTAMP, CURRENT_TIMESTAMP),
(10, 'Zoe', 'LADINO', 11, true, 1, 4, CURRENT_TIMESTAMP, CURRENT_TIMESTAMP),
(11, 'Roric', 'GUERREIRO', 8, true, 2, 1, CURRENT_TIMESTAMP, CURRENT_TIMESTAMP),
(12, 'Seraphina', 'MAGO', 22, true, 3, 2, CURRENT_TIMESTAMP, CURRENT_TIMESTAMP),
(13, 'Talon', 'ARQUEIRO', 13, false, 1, 3, CURRENT_TIMESTAMP, CURRENT_TIMESTAMP),
(14, 'Grizelda', 'GUERREIRO', 25, true, 2, 4, CURRENT_TIMESTAMP, CURRENT_TIMESTAMP),
(15, 'Finnian', 'LADINO', 9, true, 3, 1, CURRENT_TIMESTAMP, CURRENT_TIMESTAMP),
(16, 'Isolde', 'MAGO', 18, true, 1, 2, CURRENT_TIMESTAMP, CURRENT_TIMESTAMP),
(17, 'Darius', 'GUERREIRO', 21, true, 2, 3, CURRENT_TIMESTAMP, CURRENT_TIMESTAMP),
(18, 'Lyra', 'ARQUEIRO', 17, true, 3, 4, CURRENT_TIMESTAMP, CURRENT_TIMESTAMP),
(19, 'Silas', 'LADINO', 15, true, 1, 1, CURRENT_TIMESTAMP, CURRENT_TIMESTAMP),
(20, 'Astrid', 'GUERREIRO', 10, true, 2, 2, CURRENT_TIMESTAMP, CURRENT_TIMESTAMP),
(21, 'Borin', 'GUERREIRO', 30, true, 1, 1, CURRENT_TIMESTAMP, CURRENT_TIMESTAMP),
(22, 'Cedric', 'MAGO', 28, true, 2, 2, CURRENT_TIMESTAMP, CURRENT_TIMESTAMP),
(23, 'Diana', 'ARQUEIRO', 25, true, 3, 3, CURRENT_TIMESTAMP, CURRENT_TIMESTAMP),
(24, 'Eamon', 'LADINO', 22, true, 1, 4, CURRENT_TIMESTAMP, CURRENT_TIMESTAMP),
(25, 'Fiona', 'GUERREIRO', 35, true, 2, 1, CURRENT_TIMESTAMP, CURRENT_TIMESTAMP),
(26, 'Gareth', 'MAGO', 33, false, 3, 2, CURRENT_TIMESTAMP, CURRENT_TIMESTAMP),
(27, 'Helga', 'GUERREIRO', 29, true, 1, 3, CURRENT_TIMESTAMP, CURRENT_TIMESTAMP),
(28, 'Ivan', 'ARQUEIRO', 27, true, 2, 4, CURRENT_TIMESTAMP, CURRENT_TIMESTAMP),
(29, 'Jasmine', 'LADINO', 24, true, 3, 1, CURRENT_TIMESTAMP, CURRENT_TIMESTAMP),
(30, 'Kenji', 'GUERREIRO', 40, true, 1, 2, CURRENT_TIMESTAMP, CURRENT_TIMESTAMP),
(31, 'Leona', 'MAGO', 38, true, 2, 3, CURRENT_TIMESTAMP, CURRENT_TIMESTAMP),
(32, 'Marcus', 'ARQUEIRO', 36, true, 3, 4, CURRENT_TIMESTAMP, CURRENT_TIMESTAMP),
(33, 'Nadia', 'LADINO', 34, true, 1, 1, CURRENT_TIMESTAMP, CURRENT_TIMESTAMP),
(34, 'Orion', 'GUERREIRO', 45, true, 2, 2, CURRENT_TIMESTAMP, CURRENT_TIMESTAMP),
(35, 'Penelope', 'MAGO', 42, true, 3, 3, CURRENT_TIMESTAMP, CURRENT_TIMESTAMP),
(36, 'Quinn', 'ARQUEIRO', 41, false, 1, 4, CURRENT_TIMESTAMP, CURRENT_TIMESTAMP),
(37, 'Ragnar', 'GUERREIRO', 50, true, 2, 1, CURRENT_TIMESTAMP, CURRENT_TIMESTAMP),
(38, 'Sasha', 'LADINO', 48, true, 3, 2, CURRENT_TIMESTAMP, CURRENT_TIMESTAMP),
(39, 'Titus', 'GUERREIRO', 46, true, 1, 3, CURRENT_TIMESTAMP, CURRENT_TIMESTAMP),
(40, 'Uma', 'MAGO', 44, true, 2, 4, CURRENT_TIMESTAMP, CURRENT_TIMESTAMP),
(41, 'Victor', 'ARQUEIRO', 52, true, 3, 1, CURRENT_TIMESTAMP, CURRENT_TIMESTAMP),
(42, 'Willa', 'LADINO', 49, true, 1, 2, CURRENT_TIMESTAMP, CURRENT_TIMESTAMP),
(43, 'Xander', 'GUERREIRO', 55, true, 2, 3, CURRENT_TIMESTAMP, CURRENT_TIMESTAMP),
(44, 'Yara', 'MAGO', 53, true, 3, 4, CURRENT_TIMESTAMP, CURRENT_TIMESTAMP),
(45, 'Zane', 'ARQUEIRO', 51, true, 1, 1, CURRENT_TIMESTAMP, CURRENT_TIMESTAMP),
(46, 'Alina', 'LADINO', 58, true, 2, 2, CURRENT_TIMESTAMP, CURRENT_TIMESTAMP),
(47, 'Brutus', 'GUERREIRO', 60, true, 3, 3, CURRENT_TIMESTAMP, CURRENT_TIMESTAMP),
(48, 'Clara', 'MAGO', 57, false, 1, 4, CURRENT_TIMESTAMP, CURRENT_TIMESTAMP),
(49, 'Dexter', 'ARQUEIRO', 56, true, 2, 1, CURRENT_TIMESTAMP, CURRENT_TIMESTAMP),
(50, 'Eva', 'LADINO', 54, true, 3, 2, CURRENT_TIMESTAMP, CURRENT_TIMESTAMP),
(51, 'Felix', 'GUERREIRO', 65, true, 1, 3, CURRENT_TIMESTAMP, CURRENT_TIMESTAMP),
(52, 'Gia', 'MAGO', 62, true, 2, 4, CURRENT_TIMESTAMP, CURRENT_TIMESTAMP),
(53, 'Hugo', 'ARQUEIRO', 61, true, 3, 1, CURRENT_TIMESTAMP, CURRENT_TIMESTAMP),
(54, 'Iris', 'LADINO', 59, true, 1, 2, CURRENT_TIMESTAMP, CURRENT_TIMESTAMP),
(55, 'Jasper', 'GUERREIRO', 70, true, 2, 3, CURRENT_TIMESTAMP, CURRENT_TIMESTAMP),
(56, 'Kara', 'MAGO', 68, true, 3, 4, CURRENT_TIMESTAMP, CURRENT_TIMESTAMP),
(57, 'Leo', 'ARQUEIRO', 66, true, 1, 1, CURRENT_TIMESTAMP, CURRENT_TIMESTAMP),
(58, 'Mila', 'LADINO', 64, true, 2, 2, CURRENT_TIMESTAMP, CURRENT_TIMESTAMP),
(59, 'Nico', 'GUERREIRO', 75, false, 3, 3, CURRENT_TIMESTAMP, CURRENT_TIMESTAMP),
(60, 'Olga', 'MAGO', 72, true, 1, 4, CURRENT_TIMESTAMP, CURRENT_TIMESTAMP),
(61, 'Pike', 'ARQUEIRO', 71, true, 2, 1, CURRENT_TIMESTAMP, CURRENT_TIMESTAMP),
(62, 'Ruby', 'LADINO', 69, true, 3, 2, CURRENT_TIMESTAMP, CURRENT_TIMESTAMP),
(63, 'Seth', 'GUERREIRO', 80, true, 1, 3, CURRENT_TIMESTAMP, CURRENT_TIMESTAMP),
(64, 'Tara', 'MAGO', 78, true, 2, 4, CURRENT_TIMESTAMP, CURRENT_TIMESTAMP),
(65, 'Uriel', 'ARQUEIRO', 76, true, 3, 1, CURRENT_TIMESTAMP, CURRENT_TIMESTAMP),
(66, 'Vera', 'LADINO', 74, true, 1, 2, CURRENT_TIMESTAMP, CURRENT_TIMESTAMP),
(67, 'Wyatt', 'GUERREIRO', 85, true, 2, 3, CURRENT_TIMESTAMP, CURRENT_TIMESTAMP),
(68, 'Xena', 'GUERREIRO', 82, true, 3, 4, CURRENT_TIMESTAMP, CURRENT_TIMESTAMP),
(69, 'Yuri', 'MAGO', 81, true, 1, 1, CURRENT_TIMESTAMP, CURRENT_TIMESTAMP),
(70, 'Zelda', 'ARQUEIRO', 79, true, 2, 2, CURRENT_TIMESTAMP, CURRENT_TIMESTAMP),
(71, 'Arthur', 'GUERREIRO', 90, true, 3, 3, CURRENT_TIMESTAMP, CURRENT_TIMESTAMP),
(72, 'Bella', 'LADINO', 88, true, 1, 4, CURRENT_TIMESTAMP, CURRENT_TIMESTAMP),
(73, 'Cain', 'GUERREIRO', 86, true, 2, 1, CURRENT_TIMESTAMP, CURRENT_TIMESTAMP),
(74, 'Dora', 'MAGO', 84, false, 3, 2, CURRENT_TIMESTAMP, CURRENT_TIMESTAMP),
(75, 'Ezra', 'ARQUEIRO', 92, true, 1, 3, CURRENT_TIMESTAMP, CURRENT_TIMESTAMP),
(76, 'Freya', 'GUERREIRO', 89, true, 2, 4, CURRENT_TIMESTAMP, CURRENT_TIMESTAMP),
(77, 'Gideon', 'LADINO', 87, true, 3, 1, CURRENT_TIMESTAMP, CURRENT_TIMESTAMP),
(78, 'Hazel', 'MAGO', 95, true, 1, 2, CURRENT_TIMESTAMP, CURRENT_TIMESTAMP),
(79, 'Igor', 'GUERREIRO', 93, true, 2, 3, CURRENT_TIMESTAMP, CURRENT_TIMESTAMP),
(80, 'Jade', 'ARQUEIRO', 91, true, 3, 4, CURRENT_TIMESTAMP, CURRENT_TIMESTAMP),
(81, 'Kian', 'LADINO', 98, true, 1, 1, CURRENT_TIMESTAMP, CURRENT_TIMESTAMP),
(82, 'Lana', 'GUERREIRO', 96, true, 2, 2, CURRENT_TIMESTAMP, CURRENT_TIMESTAMP),
(83, 'Milo', 'MAGO', 94, true, 3, 3, CURRENT_TIMESTAMP, CURRENT_TIMESTAMP),
(84, 'Nora', 'ARQUEIRO', 99, true, 1, 4, CURRENT_TIMESTAMP, CURRENT_TIMESTAMP),
(85, 'Owen', 'GUERREIRO', 97, true, 2, 1, CURRENT_TIMESTAMP, CURRENT_TIMESTAMP),
(86, 'Paige', 'LADINO', 100, true, 3, 2, CURRENT_TIMESTAMP, CURRENT_TIMESTAMP),
(87, 'Rex', 'GUERREIRO', 40, true, 1, 3, CURRENT_TIMESTAMP, CURRENT_TIMESTAMP),
(88, 'Skye', 'ARQUEIRO', 30, true, 2, 4, CURRENT_TIMESTAMP, CURRENT_TIMESTAMP),
(89, 'Tate', 'LADINO', 20, true, 3, 1, CURRENT_TIMESTAMP, CURRENT_TIMESTAMP),
(90, 'Vance', 'GUERREIRO', 50, true, 1, 2, CURRENT_TIMESTAMP, CURRENT_TIMESTAMP),
(91, 'Wren', 'MAGO', 60, true, 2, 3, CURRENT_TIMESTAMP, CURRENT_TIMESTAMP),
(92, 'Zia', 'ARQUEIRO', 70, true, 3, 4, CURRENT_TIMESTAMP, CURRENT_TIMESTAMP),
(93, 'Axel', 'GUERREIRO', 80, true, 1, 1, CURRENT_TIMESTAMP, CURRENT_TIMESTAMP),
(94, 'Cora', 'LADINO', 90, false, 2, 2, CURRENT_TIMESTAMP, CURRENT_TIMESTAMP),
(95, 'Dane', 'GUERREIRO', 100, true, 3, 3, CURRENT_TIMESTAMP, CURRENT_TIMESTAMP),
(96, 'Esme', 'MAGO', 1, true, 1, 4, CURRENT_TIMESTAMP, CURRENT_TIMESTAMP),
(97, 'Ford', 'ARQUEIRO', 5, true, 2, 1, CURRENT_TIMESTAMP, CURRENT_TIMESTAMP),
(98, 'Gwen', 'LADINO', 10, true, 3, 2, CURRENT_TIMESTAMP, CURRENT_TIMESTAMP),
(99, 'Heath', 'GUERREIRO', 15, true, 1, 3, CURRENT_TIMESTAMP, CURRENT_TIMESTAMP),
(100, 'Ivy', 'MAGO', 20, true, 2, 4, CURRENT_TIMESTAMP, CURRENT_TIMESTAMP);

INSERT INTO aventura.companheiros (aventureiro_id, nome, especie, lealdade) VALUES
(1, 'Brego', 'LOBO', 95),
(2, 'Fenrir', 'LOBO', 90),
(3, 'Elen', 'CORUJA', 85),
(4, 'Gimli Jr.', 'DRAGAO_MINIATURA', 80),
(5, 'Samwise Gamgee', 'GOLEM', 100),
(6, 'Shadowfax', 'DRAGAO_MINIATURA', 98),
(7, 'Ignis', 'DRAGAO_MINIATURA', 88),
(8, 'Sylph', 'CORUJA', 92),
(9, 'Goliath', 'GOLEM', 99),
(10, 'Nyx', 'LOBO', 85),
(12, 'Merlin', 'CORUJA', 95),
(21, 'Rubble', 'GOLEM', 100),
(23, 'Draco', 'DRAGAO_MINIATURA', 95),
(24, 'Bandit', 'LOBO', 92),
(39, 'Igneel', 'DRAGAO_MINIATURA', 97),
(41, 'Bolt', 'LOBO', 98),
(47, 'Viserion', 'DRAGAO_MINIATURA', 94),
(48, 'Owly', 'CORUJA', 88),
(50, 'Groot', 'GOLEM', 100),
(51, 'Rhaegal', 'DRAGAO_MINIATURA', 94),
(55, 'Drogon', 'DRAGAO_MINIATURA', 100),
(56, 'Ollie', 'CORUJA', 92),
(63, 'Mushu', 'DRAGAO_MINIATURA', 91),
(69, 'Kiba', 'LOBO', 98),
(71, 'Saphira', 'DRAGAO_MINIATURA', 99),
(72, 'Orion', 'CORUJA', 96),
(73, 'Balto', 'LOBO', 97),
(76, 'Strix', 'CORUJA', 98),
(77, 'Direwolf', 'LOBO', 99),
(83, 'Alduin', 'DRAGAO_MINIATURA', 100),
(85, 'Nymeria', 'LOBO', 99),
(88, 'Tyto', 'CORUJA', 95),
(92, 'Aegolius', 'CORUJA', 98),
(94, 'Dolomite', 'GOLEM', 97),
(95, 'Midir', 'DRAGAO_MINIATURA', 100),
(99, 'Seath', 'DRAGAO_MINIATURA', 100);

INSERT INTO aventura.missoes (id, organizacao_id, titulo, nivel_perigo, status, data_criacao, data_inicio, data_termino) VALUES
(1, 1, 'Resgatar o Amuleto de Yendor', 'ALTO', 'PLANEJADA', '2026-03-29 09:00:00', '2026-04-05 09:00:00', NULL),
(2, 1, 'Limpar o Covil dos Goblins', 'BAIXO', 'EM_ANDAMENTO', '2026-03-28 10:00:00', '2026-03-28 11:00:00', NULL),
(3, 1, 'Escolta do Comerciante de Especiarias', 'MEDIO', 'CONCLUIDA', '2026-03-10 09:00:00', '2026-03-11 09:00:00', '2026-03-15 18:00:00'),
(4, 2, 'Investigar a Torre do Mago Louco', 'ALTO', 'PLANEJADA', '2026-03-29 11:00:00', '2026-04-10 10:00:00', NULL),
(5, 3, 'Proteger a Vila de Northshire', 'MEDIO', 'EM_ANDAMENTO', '2026-03-27 14:00:00', '2026-03-27 15:00:00', NULL),
(6, 1, 'Caçar o Grifo das Montanhas Sombrias', 'ALTO', 'CANCELADA', '2026-03-15 09:00:00', '2026-03-16 09:00:00', '2026-03-17 10:00:00'),
(7, 2, 'Coletar Ervas Raras na Floresta Sussurrante', 'BAIXO', 'CONCLUIDA', '2026-03-12 08:00:00', '2026-03-12 09:00:00', '2026-03-12 17:00:00'),
(8, 3, 'Negociar a Paz com os Centauros', 'MEDIO', 'PLANEJADA', '2026-03-29 13:00:00', '2026-04-01 10:00:00', NULL),
(9, 1, 'Recuperar a Espada Perdida de Elendil', 'ALTO', 'EM_ANDAMENTO', '2026-03-25 09:00:00', '2026-03-26 09:00:00', NULL),
(10, 2, 'Destruir o Altar Necromântico', 'ALTO', 'CONCLUIDA', '2026-02-20 10:00:00', '2026-02-22 10:00:00', '2026-02-28 20:00:00'),
(11, 3, 'Mapear as Ruínas de Osgiliath', 'MEDIO', 'PLANEJADA', '2026-03-29 14:00:00', '2026-04-15 08:00:00', NULL),
(12, 1, 'Encontrar a Fonte da Juventude', 'CRITICO', 'PLANEJADA', '2026-03-29 15:00:00', '2026-05-01 06:00:00', NULL),
(13, 2, 'Derrotar o Dragão de Fogo da Montanha da Perdição', 'CRITICO', 'EM_ANDAMENTO', '2026-03-20 07:00:00', '2026-03-21 07:00:00', NULL),
(14, 3, 'Forjar uma Aliança com os Anões de Erebor', 'MEDIO', 'CONCLUIDA', '2026-03-01 10:00:00', '2026-03-02 10:00:00', '2026-03-10 12:00:00'),
(15, 1, 'Resgatar o Príncipe do Reino Distante', 'ALTO', 'CANCELADA', '2026-03-18 11:00:00', '2026-03-19 11:00:00', '2026-03-19 15:00:00'),
(16, 2, 'Proteger o Artefato Mágico', 'ALTO', 'PLANEJADA', '2026-03-29 16:00:00', '2026-04-02 09:00:00', NULL),
(17, 3, 'Conquistar a Fortaleza Inimiga', 'ALTO', 'EM_ANDAMENTO', '2026-03-28 12:00:00', '2026-03-29 08:00:00', NULL),
(18, 1, 'Descobrir o Segredo da Ilha Flutuante', 'MEDIO', 'CONCLUIDA', '2026-03-05 14:00:00', '2026-03-06 14:00:00', '2026-03-09 19:00:00'),
(19, 2, 'Salvar a Princesa do Castelo Assombrado', 'MEDIO', 'PLANEJADA', '2026-03-29 17:00:00', '2026-04-03 10:00:00', NULL),
(20, 3, 'Treinar os Novos Recrutas da Guilda', 'BAIXO', 'EM_ANDAMENTO', '2026-03-29 08:00:00', '2026-03-29 09:00:00', NULL),
(21, 1, 'Patrulhar a Fronteira do Reino', 'BAIXO', 'CONCLUIDA', '2026-03-20 07:00:00', '2026-03-20 08:00:00', '2026-03-20 16:00:00'),
(22, 2, 'Eliminar a Praga de Mortos-Vivos', 'ALTO', 'PLANEJADA', '2026-03-29 18:00:00', '2026-04-04 09:00:00', NULL),
(23, 3, 'Acompanhar o Embaixador a Terras Estrangeiras', 'BAIXO', 'EM_ANDAMENTO', '2026-03-28 10:00:00', '2026-03-28 11:00:00', NULL),
(24, 1, 'Construir uma Nova Fortaleza', 'MEDIO', 'CONCLUIDA', '2026-01-15 08:00:00', '2026-01-16 08:00:00', '2026-02-28 18:00:00'),
(25, 2, 'Libertar os Prisioneiros de Guerra', 'MEDIO', 'CANCELADA', '2026-03-21 10:00:00', '2026-03-22 10:00:00', '2026-03-22 14:00:00'),
(26, 3, 'Organizar o Festival Anual da Colheita', 'BAIXO', 'PLANEJADA', '2026-03-29 19:00:00', '2026-04-20 10:00:00', NULL),
(27, 1, 'Caçar o Kraken no Mar Proibido', 'CRITICO', 'EM_ANDAMENTO', '2026-03-22 06:00:00', '2026-03-23 06:00:00', NULL),
(28, 2, 'Estudar a Fauna e Flora do Pântano Desolado', 'BAIXO', 'CONCLUIDA', '2026-03-11 09:00:00', '2026-03-11 10:00:00', '2026-03-13 17:00:00'),
(29, 3, 'Recuperar o Livro dos Segredos Antigos', 'ALTO', 'PLANEJADA', '2026-03-29 20:00:00', '2026-04-05 09:00:00', NULL),
(30, 1, 'Defender a Cidade do Cerco dos Orcs', 'ALTO', 'EM_ANDAMENTO', '2026-03-29 05:00:00', '2026-03-29 06:00:00', NULL),
(31, 2, 'Encontrar o Oásis Perdido no Deserto de Areia', 'MEDIO', 'CONCLUIDA', '2026-02-10 07:00:00', '2026-02-11 07:00:00', '2026-02-18 18:00:00'),
(32, 3, 'Resolver o Enigma da Esfinge', 'MEDIO', 'PLANEJADA', '2026-03-29 21:00:00', '2026-04-06 11:00:00', NULL),
(33, 1, 'Participar do Torneio de Campeões', 'BAIXO', 'EM_ANDAMENTO', '2026-03-28 14:00:00', '2026-03-28 15:00:00', NULL),
(34, 2, 'Curar a Árvore da Vida', 'ALTO', 'CONCLUIDA', '2026-03-01 09:00:00', '2026-03-02 09:00:00', '2026-03-08 12:00:00'),
(35, 3, 'Explorar as Minas de Moria', 'ALTO', 'CANCELADA', '2026-03-23 09:00:00', '2026-03-24 09:00:00', '2026-03-25 10:00:00'),
(36, 1, 'Ajudar os Elfos a Defender seu Lar', 'MEDIO', 'PLANEJADA', '2026-03-29 22:00:00', '2026-04-07 10:00:00', NULL),
(37, 2, 'Capturar o Ladrão de Joias Real', 'BAIXO', 'EM_ANDAMENTO', '2026-03-29 10:00:00', '2026-03-29 11:00:00', NULL),
(38, 3, 'Traduzir as Antigas Runas', 'BAIXO', 'CONCLUIDA', '2026-03-14 10:00:00', '2026-03-14 11:00:00', '2026-03-16 18:00:00'),
(39, 1, 'Forjar a Lâmina do Infinito', 'CRITICO', 'PLANEJADA', '2026-03-29 23:00:00', '2026-06-01 09:00:00', NULL),
(40, 2, 'Navegar pelos Mares Tempestuosos', 'MEDIO', 'EM_ANDAMENTO', '2026-03-26 13:00:00', '2026-03-27 13:00:00', NULL),
(41, 3, 'Apaziguar o Espírito da Montanha', 'MEDIO', 'CONCLUIDA', '2026-02-15 11:00:00', '2026-02-16 11:00:00', '2026-02-19 14:00:00'),
(42, 1, 'Desvendar a Conspiração na Corte Real', 'MEDIO', 'PLANEJADA', '2026-03-30 09:00:00', '2026-04-08 10:00:00', NULL),
(43, 2, 'Sobreviver à Noite na Floresta Assombrada', 'MEDIO', 'EM_ANDAMENTO', '2026-03-29 00:00:00', '2026-03-29 01:00:00', NULL),
(44, 3, 'Coletar Impostos para o Rei', 'BAIXO', 'CONCLUIDA', '2026-03-17 09:00:00', '2026-03-17 10:00:00', '2026-03-17 17:00:00'),
(45, 1, 'Lutar na Arena contra o Minotauro', 'ALTO', 'CANCELADA', '2026-03-24 14:00:00', '2026-03-25 14:00:00', '2026-03-25 16:00:00'),
(46, 2, 'Plantar a Semente da Árvore Dourada', 'BAIXO', 'PLANEJADA', '2026-03-30 10:00:00', '2026-04-15 10:00:00', NULL),
(47, 3, 'Resgatar os Animais da Floresta em Chamas', 'MEDIO', 'EM_ANDAMENTO', '2026-03-29 12:00:00', '2026-03-29 13:00:00', NULL),
(48, 1, 'Decifrar o Mapa do Tesouro Pirata', 'BAIXO', 'CONCLUIDA', '2026-03-19 10:00:00', '2026-03-19 11:00:00', '2026-03-20 15:00:00'),
(49, 2, 'Infiltrar-se no Acampamento Inimigo', 'MEDIO', 'PLANEJADA', '2026-03-30 11:00:00', '2026-04-09 09:00:00', NULL),
(50, 3, 'Proteger a Caravana de Refugiados', 'MEDIO', 'EM_ANDAMENTO', '2026-03-28 18:00:00', '2026-03-28 19:00:00', NULL),
(51, 1, 'Ensinar esgrima para jovens', 'BAIXO', 'CONCLUIDA', '2026-03-01 15:00:00', '2026-03-01 16:00:00', '2026-03-01 18:00:00'),
(52, 2, 'Caçar um basilisco', 'ALTO', 'PLANEJADA', '2026-03-30 12:00:00', '2026-04-11 09:00:00', NULL),
(53, 3, 'Roubar a coroa do Rei Lich', 'CRITICO', 'EM_ANDAMENTO', '2026-03-27 20:00:00', '2026-03-28 20:00:00', NULL),
(54, 1, 'Limpar o porão da taverna', 'BAIXO', 'CONCLUIDA', '2026-03-28 09:00:00', '2026-03-28 09:30:00', '2026-03-28 11:30:00'),
(55, 2, 'Escolta VIP para o casamento real', 'MEDIO', 'CANCELADA', '2026-03-25 08:00:00', '2026-03-26 08:00:00', '2026-03-26 10:00:00'),
(56, 3, 'Investigar desaparecimentos na doca', 'MEDIO', 'PLANEJADA', '2026-03-30 13:00:00', '2026-04-01 20:00:00', NULL),
(57, 1, 'Recuperar o Olho do Ciclope', 'ALTO', 'EM_ANDAMENTO', '2026-03-29 14:00:00', '2026-03-29 15:00:00', NULL),
(58, 2, 'Entregar uma carta de amor secreta', 'BAIXO', 'CONCLUIDA', '2026-03-29 10:00:00', '2026-03-29 10:15:00', '2026-03-29 10:30:00'),
(59, 3, 'Destruir o exército de golens', 'ALTO', 'PLANEJADA', '2026-03-30 14:00:00', '2026-04-12 09:00:00', NULL),
(60, 1, 'Proteger o bardo durante seu show', 'BAIXO', 'EM_ANDAMENTO', '2026-03-29 19:00:00', '2026-03-29 20:00:00', NULL),
(61, 2, 'Encontrar a cidade perdida de Atlantis', 'CRITICO', 'CONCLUIDA', '2025-12-01 06:00:00', '2025-12-10 06:00:00', '2026-01-15 22:00:00'),
(62, 3, 'Negociar com um dragão ganancioso', 'ALTO', 'PLANEJADA', '2026-03-30 15:00:00', '2026-04-13 11:00:00', NULL),
(63, 1, 'Participar de uma corrida de bigas', 'BAIXO', 'EM_ANDAMENTO', '2026-03-30 14:00:00', '2026-03-30 15:00:00', NULL),
(64, 2, 'Exorcizar o fantasma do castelo', 'MEDIO', 'CONCLUIDA', '2026-03-22 22:00:00', '2026-03-22 23:00:00', '2026-03-23 04:00:00'),
(65, 3, 'Sobreviver a um apocalipse zumbi', 'CRITICO', 'CANCELADA', '2026-03-26 00:00:00', NULL, '2026-03-26 01:00:00'),
(66, 1, 'Acalmar uma mandrágora gritando', 'BAIXO', 'PLANEJADA', '2026-03-30 16:00:00', '2026-04-01 14:00:00', NULL),
(67, 2, 'Navegar pelo Rio Estige', 'ALTO', 'EM_ANDamento', '2026-03-28 23:00:00', '2026-03-29 00:00:00', NULL),
(68, 3, 'Coletar lágrimas de fênix', 'ALTO', 'CONCLUIDA', '2026-02-25 08:00:00', '2026-02-26 08:00:00', '2026-03-05 18:00:00'),
(69, 1, 'Vencer um concurso de beber com anões', 'BAIXO', 'PLANEJADA', '2026-03-30 17:00:00', '2026-04-02 21:00:00', NULL),
(70, 2, 'Escalar a Torre de Babel', 'CRITICO', 'EM_ANDAMENTO', '2026-03-29 07:00:00', '2026-03-29 08:00:00', NULL),
(71, 3, 'Alimentar o cão de três cabeças', 'MEDIO', 'CONCLUIDA', '2026-03-29 12:00:00', '2026-03-29 12:05:00', '2026-03-29 12:10:00'),
(72, 1, 'Resolver o mistério do trem fantasma', 'MEDIO', 'PLANEJADA', '2026-03-30 18:00:00', '2026-04-10 22:00:00', NULL),
(73, 2, 'Pintar um retrato do rei', 'BAIXO', 'EM_ANDAMENTO', '2026-03-29 13:00:00', '2026-03-29 14:00:00', NULL),
(74, 3, 'Derrotar o Tarrasque', 'CRITICO', 'CONCLUIDA', '2025-10-10 10:00:00', '2025-10-20 10:00:00', '2025-11-10 23:59:00'),
(75, 1, 'Ajudar um fantasma a encontrar a paz', 'BAIXO', 'CANCELADA', '2026-03-27 10:00:00', NULL, '2026-03-27 11:00:00'),
(76, 2, 'Roubar o tesouro do grifo', 'ALTO', 'PLANEJADA', '2026-03-30 19:00:00', '2026-04-14 09:00:00', NULL),
(77, 3, 'Construir uma ponte sobre o abismo', 'MEDIO', 'EM_ANDAMENTO', '2026-03-15 08:00:00', '2026-03-16 08:00:00', NULL),
(78, 1, 'Encontrar o unicórnio dourado', 'ALTO', 'CONCLUIDA', '2026-03-03 09:00:00', '2026-03-04 09:00:00', '2026-03-10 18:00:00'),
(79, 2, 'Organizar a biblioteca do mago', 'BAIXO', 'PLANEJADA', '2026-03-30 20:00:00', '2026-04-01 09:00:00', NULL),
(80, 3, 'Lutar contra sua própria sombra', 'MEDIO', 'EM_ANDAMENTO', '2026-03-29 16:00:00', '2026-03-29 16:05:00', NULL),
(81, 1, 'Fazer um piquenique no campo dos Elísios', 'BAIXO', 'CONCLUIDA', '2026-03-29 12:00:00', '2026-03-29 13:00:00', '2026-03-29 15:00:00'),
(82, 2, 'Capturar um raio em uma garrafa', 'MEDIO', 'PLANEJADA', '2026-03-30 21:00:00', '2026-04-18 22:00:00', NULL),
(83, 3, 'Viajar no tempo para corrigir um erro', 'CRITICO', 'EM_ANDAMENTO', '2026-03-29 00:01:00', '2026-03-29 00:02:00', NULL),
(84, 1, 'Adivinhar o nome do Rumpelstiltskin', 'BAIXO', 'CONCLUIDA', '2026-03-28 15:00:00', '2026-03-28 15:10:00', '2026-03-28 15:15:00'),
(85, 2, 'Derrotar a hidra de Lerna', 'ALTO', 'CANCELADA', '2026-03-28 09:00:00', '2026-03-29 09:00:00', '2026-03-29 10:00:00'),
(86, 3, 'Plantar uma floresta mágica', 'MEDIO', 'PLANEJADA', '2026-03-30 22:00:00', '2026-04-22 09:00:00', NULL),
(87, 1, 'Conduzir as almas para o além', 'MEDIO', 'EM_ANDAMENTO', '2026-03-29 04:44:00', '2026-03-29 04:45:00', NULL),
(88, 2, 'Encontrar a agulha no palheiro cósmico', 'BAIXO', 'CONCLUIDA', '2026-01-01 00:00:00', '2026-01-01 00:01:00', '2026-03-29 17:00:00'),
(89, 3, 'Lutar contra os deuses antigos', 'CRITICO', 'PLANEJADA', '2026-03-30 23:00:00', '2026-07-01 10:00:00', NULL),
(90, 1, 'Fazer o café da manhã para um gigante', 'BAIXO', 'EM_ANDAMENTO', '2026-03-30 06:00:00', '2026-03-30 06:05:00', NULL),
(91, 2, 'Nadar com sereias', 'MEDIO', 'CONCLUIDA', '2026-03-15 14:00:00', '2026-03-15 15:00:00', '2026-03-15 17:00:00'),
(92, 3, 'Resolver o paradoxo do avô', 'CRITICO', 'PLANEJADA', '2026-03-31 00:00:00', '1955-11-05 18:00:00', NULL),
(93, 1, 'Contar todas as estrelas do céu', 'BAIXO', 'EM_ANDAMENTO', '2026-03-29 21:00:00', '2026-03-29 21:01:00', NULL),
(94, 2, 'Derrotar o exército de um homem só', 'ALTO', 'CONCLUIDA', '2026-03-20 10:00:00', '2026-03-21 10:00:00', '2026-03-21 10:30:00'),
(95, 3, 'Encontrar o sentido da vida', 'CRITICO', 'CANCELADA', '2024-01-01 00:00:00', NULL, '2026-03-29 18:00:00'),
(96, 1, 'Aprender a voar', 'MEDIO', 'PLANEJADA', '2026-03-31 01:00:00', '2026-04-01 09:00:00', NULL),
(97, 2, 'Falar com os animais', 'BAIXO', 'EM_ANDAMENTO', '2026-03-30 08:00:00', '2026-03-30 08:05:00', NULL),
(98, 3, 'Tornar-se imortal', 'CRITICO', 'CONCLUIDA', '0001-01-01 00:00:01', '0001-01-01 00:00:02', '9999-12-31 23:59:59'),
(99, 1, 'Consertar uma chaleira quebrada', 'BAIXO', 'PLANEJADA', '2026-03-31 02:00:00', '2026-03-31 09:00:00', NULL),
(100, 2, 'Salvar o mundo', 'CRITICO', 'EM_ANDAMENTO', '2026-03-29 12:00:00', '2026-03-29 12:01:00', NULL);

SELECT setval('audit.organizacoes_id_seq', (SELECT MAX(id) FROM audit.organizacoes), true);
SELECT setval('audit.usuarios_id_seq', (SELECT MAX(id) FROM audit.usuarios), true);
SELECT setval('aventura.aventureiros_id_seq', (SELECT MAX(id) FROM aventura.aventureiros), true);
SELECT setval('aventura.missoes_id_seq', (SELECT MAX(id) FROM aventura.missoes), true);